QLearn4Agt: USESYMMETRY:true, NORMALIZE:false, sigmoid:tanh, lambda:0.0, horizon:1, AFTERSTATE:false, learnFromRM: true
QLearn4Agt: alpha_init->final:1.0->0.5, epsilon_init->final:0.1->0.0, gamma: 1.0
from: Unknown
run; gameNum; evalQ; evalT; actionNum; trnMoves; totalTrainSec; movesSecond; ; 
0; 500; -0.1; 0.0; 3388; 3388; 0.807; 4198.265179677819; 0.0; 0.0
0; 1000; -0.15; 0.0; 7520; 7520; 1.458; 5157.750342935528; 0.0; 0.0
0; 1500; 0.0; 0.0; 11729; 11729; 2.011; 5832.421680755842; 0.0; 0.0
0; 2000; 0.0; 0.0; 15961; 15961; 2.64; 6045.833333333333; 0.0; 0.0
0; 2500; -0.1; 0.0; 20185; 20185; 3.403; 5931.531002057009; 0.0; 0.0
0; 3000; -0.1; 0.0; 24401; 24401; 3.966; 6152.546646495209; 0.0; 0.0
0; 3500; -0.15; 0.0; 28763; 28763; 4.471; 6433.236412435696; 0.0; 0.0
0; 4000; 0.0; 0.0; 33053; 33053; 5.041; 6556.833961515572; 0.0; 0.0
0; 4500; 0.0; 0.0; 37325; 37325; 5.628; 6632.018479033404; 0.0; 0.0
0; 5000; 0.0; 0.0; 41647; 41647; 6.18; 6738.996763754046; 0.0; 0.0
0; 5500; 0.0; 0.0; 45993; 45993; 6.678; 6887.241689128482; 0.0; 0.0
0; 6000; -0.1; -0.5; 50377; 50377; 7.251; 6947.593435388222; 0.0; 0.0
0; 6500; 0.0; 0.0; 54772; 54772; 7.814; 7009.470181725109; 0.0; 0.0
0; 7000; 0.0; 0.0; 59166; 59166; 8.329; 7103.613879217192; 0.0; 0.0
0; 7500; 0.0; 0.0; 63568; 63568; 8.848; 7184.448462929475; 0.0; 0.0
0; 8000; 0.0; 0.0; 67989; 67989; 9.494; 7161.259742995577; 0.0; 0.0
0; 8500; -0.1; 0.0; 72421; 72421; 10.038; 7214.684200039848; 0.0; 0.0
0; 9000; -0.05; 0.0; 76878; 76878; 10.615; 7242.392840320302; 0.0; 0.0
0; 9500; 0.0; 0.0; 81369; 81369; 11.166; 7287.211176786674; 0.0; 0.0
0; 10000; 0.0; 0.0; 85865; 85865; 11.69; 7345.166809238666; 0.0; 0.0
1; 500; -0.7; -1.0; 3524; 3524; 0.512; 6882.8125; 0.0; 0.0
1; 1000; -0.15; 0.0; 7456; 7456; 1.051; 7094.1960038059; 0.0; 0.0
1; 1500; -0.05; -0.5; 11639; 11639; 1.645; 7075.379939209726; 0.0; 0.0
1; 2000; 0.0; 0.0; 15909; 15909; 2.211; 7195.38670284939; 0.0; 0.0
1; 2500; -0.1; 0.0; 20202; 20202; 2.657; 7603.312006021829; 0.0; 0.0
1; 3000; -0.05; 0.0; 24492; 24492; 3.176; 7711.586901763224; 0.0; 0.0
1; 3500; 0.0; 0.0; 28783; 28783; 3.658; 7868.507381082559; 0.0; 0.0
1; 4000; 0.0; 0.0; 33126; 33126; 4.176; 7932.471264367816; 0.0; 0.0
1; 4500; -0.2; 0.0; 37420; 37420; 4.709; 7946.485453387131; 0.0; 0.0
1; 5000; 0.0; 0.0; 41776; 41776; 5.334; 7832.020997375329; 0.0; 0.0
1; 5500; -0.1; 0.0; 46102; 46102; 5.895; 7820.525869380832; 0.0; 0.0
1; 6000; 0.0; 0.0; 50465; 50465; 6.454; 7819.181902696003; 0.0; 0.0
1; 6500; -0.1; 0.0; 54849; 54849; 6.987; 7850.1502790897375; 0.0; 0.0
1; 7000; 0.0; 0.0; 59253; 59253; 7.549; 7849.119088621009; 0.0; 0.0
1; 7500; -0.2; -0.5; 63671; 63671; 8.149; 7813.351331451713; 0.0; 0.0
1; 8000; 0.0; 0.0; 68101; 68101; 8.738; 7793.659876401923; 0.0; 0.0
1; 8500; -0.05; 0.0; 72566; 72566; 9.304; 7799.441100601892; 0.0; 0.0
1; 9000; 0.0; 0.0; 77025; 77025; 9.945; 7745.098039215686; 0.0; 0.0
1; 9500; 0.0; 0.0; 81511; 81511; 10.524; 7745.24895477005; 0.0; 0.0
1; 10000; 0.0; 0.0; 86007; 86007; 11.141; 7719.863567004757; 0.0; 0.0
2; 500; -0.5; -0.5; 3938; 3938; 0.534; 7374.531835205992; 0.0; 0.0
2; 1000; 0.0; 0.0; 8082; 8082; 1.133; 7133.274492497793; 0.0; 0.0
2; 1500; 0.0; 0.0; 12214; 12214; 1.705; 7163.636363636363; 0.0; 0.0
2; 2000; 0.0; 0.0; 16353; 16353; 2.234; 7320.0537153088635; 0.0; 0.0
2; 2500; 0.0; 0.0; 20567; 20567; 2.74; 7506.204379562043; 0.0; 0.0
2; 3000; 0.0; 0.0; 24860; 24860; 3.272; 7597.799511002446; 0.0; 0.0
2; 3500; -0.05; -0.5; 29059; 29059; 3.768; 7712.048832271763; 0.0; 0.0
2; 4000; -0.05; 0.0; 33264; 33264; 4.428; 7512.195121951219; 0.0; 0.0
2; 4500; 0.0; 0.0; 37520; 37520; 5.032; 7456.279809220986; 0.0; 0.0
2; 5000; -0.05; 0.0; 41859; 41859; 5.583; 7497.581945190757; 0.0; 0.0
2; 5500; 0.0; 0.0; 46170; 46170; 6.188; 7461.215255332902; 0.0; 0.0
2; 6000; 0.0; 0.0; 50521; 50521; 6.707; 7532.57790368272; 0.0; 0.0
2; 6500; 0.0; 0.0; 54882; 54882; 7.228; 7592.9717764250145; 0.0; 0.0
2; 7000; 0.0; 0.0; 59243; 59243; 7.793; 7602.078788656487; 0.0; 0.0
2; 7500; 0.0; 0.0; 63631; 63631; 8.312; 7655.31761308951; 0.0; 0.0
2; 8000; 0.0; 0.0; 68073; 68073; 8.89; 7657.255343082114; 0.0; 0.0
2; 8500; 0.0; 0.0; 72506; 72506; 9.483; 7645.892650005272; 0.0; 0.0
2; 9000; 0.0; 0.0; 76964; 76964; 10.146; 7585.649517051054; 0.0; 0.0
2; 9500; 0.0; 0.0; 81433; 81433; 11.62; 7008.003442340792; 0.0; 0.0
2; 10000; 0.0; 0.0; 85927; 85927; 12.945; 6637.852452684434; 0.0; 0.0
3; 500; 0.0; 0.0; 3744; 3744; 0.794; 4715.36523929471; 0.0; 0.0
3; 1000; -0.1; -0.5; 7809; 7809; 1.484; 5262.129380053909; 0.0; 0.0
3; 1500; -0.15; 0.0; 11787; 11787; 2.376; 4960.858585858586; 0.0; 0.0
3; 2000; -0.1; 0.0; 15900; 15900; 3.054; 5206.286836935167; 0.0; 0.0
3; 2500; 0.0; 0.0; 20082; 20082; 3.7; 5427.5675675675675; 0.0; 0.0
3; 3000; -0.2; -0.5; 24310; 24310; 4.393; 5533.803778738903; 0.0; 0.0
3; 3500; 0.0; 0.0; 28538; 28538; 5.117; 5577.095954660934; 0.0; 0.0
3; 4000; 0.0; 0.0; 32779; 32779; 6.243; 5250.520583053019; 0.0; 0.0
3; 4500; -0.1; 0.0; 37076; 37076; 7.099; 5222.707423580786; 0.0; 0.0
3; 5000; 0.0; 0.0; 41383; 41383; 7.876; 5254.316912138141; 0.0; 0.0
3; 5500; 0.0; 0.0; 45742; 45742; 8.499; 5382.04494646429; 0.0; 0.0
3; 6000; 0.0; 0.0; 50048; 50048; 9.269; 5399.503722084367; 0.0; 0.0
3; 6500; 0.0; 0.0; 54430; 54430; 9.915; 5489.662128088755; 0.0; 0.0
3; 7000; 0.0; 0.0; 58831; 58831; 10.686; 5505.427662361969; 0.0; 0.0
3; 7500; 0.0; 0.0; 63226; 63226; 11.526; 5485.511018566719; 0.0; 0.0
3; 8000; 0.0; 0.0; 67666; 67666; 12.169; 5560.522639493795; 0.0; 0.0
3; 8500; 0.0; 0.0; 72123; 72123; 13.002; 5547.069681587448; 0.0; 0.0
3; 9000; 0.0; 0.0; 76579; 76579; 13.711; 5585.223543140544; 0.0; 0.0
3; 9500; 0.0; 0.0; 81022; 81022; 14.48; 5595.441988950276; 0.0; 0.0
3; 10000; 0.0; 0.0; 85503; 85503; 15.523; 5508.1491979643115; 0.0; 0.0
4; 500; -0.2; -0.5; 3814; 3814; 0.812; 4697.04433497537; 0.0; 0.0
4; 1000; 0.0; 0.0; 7881; 7881; 1.651; 4773.470623864325; 0.0; 0.0
4; 1500; 0.0; 0.0; 12082; 12082; 3.226; 3745.195288282703; 0.0; 0.0
4; 2000; -0.2; 0.0; 16298; 16298; 3.792; 4297.995780590718; 0.0; 0.0
4; 2500; 0.0; 0.0; 20542; 20542; 4.353; 4719.044337238686; 0.0; 0.0
4; 3000; 0.0; 0.0; 24847; 24847; 4.949; 5020.610224287735; 0.0; 0.0
4; 3500; -0.05; 0.0; 29105; 29105; 5.578; 5217.820007171029; 0.0; 0.0
4; 4000; 0.0; 0.0; 33397; 33397; 6.217; 5371.883545118225; 0.0; 0.0
4; 4500; 0.0; 0.0; 37718; 37718; 6.754; 5584.542493337282; 0.0; 0.0
4; 5000; -0.15; 0.0; 42068; 42068; 7.773; 5412.067412839316; 0.0; 0.0
4; 5500; 0.0; 0.0; 46440; 46440; 8.732; 5318.369216674302; 0.0; 0.0
4; 6000; 0.0; 0.0; 50775; 50775; 9.44; 5378.707627118644; 0.0; 0.0
4; 6500; 0.0; 0.0; 55167; 55167; 10.179; 5419.687592101385; 0.0; 0.0
4; 7000; 0.0; 0.0; 59584; 59584; 10.795; 5519.592403890691; 0.0; 0.0
4; 7500; 0.0; 0.0; 64037; 64037; 11.329; 5652.484773589902; 0.0; 0.0
4; 8000; 0.0; 0.0; 68474; 68474; 11.914; 5747.356051703878; 0.0; 0.0
4; 8500; 0.0; 0.0; 72949; 72949; 12.451; 5858.886836398683; 0.0; 0.0
4; 9000; 0.0; 0.0; 77413; 77413; 13.077; 5919.782824806913; 0.0; 0.0
4; 9500; 0.0; 0.0; 81895; 81895; 13.761; 5951.239008792966; 0.0; 0.0
4; 10000; 0.0; 0.0; 86391; 86391; 14.491; 5961.700365744256; 0.0; 0.0
5; 500; -0.45; -0.5; 3277; 3277; 0.499; 6567.134268537075; 0.0; 0.0
5; 1000; -0.15; 0.0; 6986; 6986; 1.044; 6691.570881226054; 0.0; 0.0
5; 1500; -0.3; -0.5; 11095; 11095; 1.515; 7323.4323432343235; 0.0; 0.0
5; 2000; -0.05; 0.0; 15308; 15308; 1.974; 7754.812563323202; 0.0; 0.0
5; 2500; -0.35; -0.5; 19543; 19543; 2.512; 7779.856687898089; 0.0; 0.0
5; 3000; 0.0; 0.0; 23797; 23797; 3.055; 7789.525368248772; 0.0; 0.0
5; 3500; 0.0; 0.0; 28046; 28046; 3.642; 7700.713893465129; 0.0; 0.0
5; 4000; -0.25; 0.0; 32366; 32366; 4.191; 7722.739203054164; 0.0; 0.0
5; 4500; 0.0; 0.0; 36694; 36694; 4.771; 7691.050094319849; 0.0; 0.0
5; 5000; 0.0; 0.0; 41066; 41066; 5.354; 7670.1531565184905; 0.0; 0.0
5; 5500; 0.0; 0.0; 45463; 45463; 6.042; 7524.495200264813; 0.0; 0.0
5; 6000; 0.0; 0.0; 49817; 49817; 6.603; 7544.600938967136; 0.0; 0.0
5; 6500; 0.0; 0.0; 54233; 54233; 7.169; 7564.932347607756; 0.0; 0.0
5; 7000; 0.0; 0.0; 58657; 58657; 7.805; 7515.31069827034; 0.0; 0.0
5; 7500; 0.0; 0.0; 63064; 63064; 8.462; 7452.611675726779; 0.0; 0.0
5; 8000; 0.0; 0.0; 67492; 67492; 9.154; 7372.951715097225; 0.0; 0.0
5; 8500; 0.0; 0.0; 71946; 71946; 9.688; 7426.300578034681; 0.0; 0.0
5; 9000; 0.0; 0.0; 76427; 76427; 10.234; 7467.949970685949; 0.0; 0.0
5; 9500; 0.0; 0.0; 80900; 80900; 10.813; 7481.734948672894; 0.0; 0.0
5; 10000; 0.0; 0.0; 85390; 85390; 11.451; 7456.990655837918; 0.0; 0.0
6; 500; -0.2; 0.0; 3844; 3844; 0.518; 7420.84942084942; 0.0; 0.0
6; 1000; -0.35; 0.0; 7873; 7873; 1.063; 7406.396989651929; 0.0; 0.0
6; 1500; -0.05; 0.0; 11985; 11985; 1.53; 7833.333333333333; 0.0; 0.0
6; 2000; 0.0; 0.0; 16124; 16124; 2.055; 7846.2287104622865; 0.0; 0.0
6; 2500; 0.0; 0.0; 20334; 20334; 2.623; 7752.192146397254; 0.0; 0.0
6; 3000; 0.0; 0.0; 24526; 24526; 3.137; 7818.297736691106; 0.0; 0.0
6; 3500; 0.0; 0.0; 28792; 28792; 3.807; 7562.910428158655; 0.0; 0.0
6; 4000; -0.05; 0.0; 33112; 33112; 4.612; 7179.531656548135; 0.0; 0.0
6; 4500; 0.0; 0.0; 37428; 37428; 5.306; 7053.901243874859; 0.0; 0.0
6; 5000; 0.0; 0.0; 41776; 41776; 6.049; 6906.265498429492; 0.0; 0.0
6; 5500; 0.0; 0.0; 46148; 46148; 6.661; 6928.088875544213; 0.0; 0.0
6; 6000; 0.0; 0.0; 50514; 50514; 7.321; 6899.877065974594; 0.0; 0.0
6; 6500; -0.1; 0.0; 54932; 54932; 8.11; 6773.366214549938; 0.0; 0.0
6; 7000; 0.0; 0.0; 59327; 59327; 8.679; 6835.695356607904; 0.0; 0.0
6; 7500; 0.0; 0.0; 63723; 63723; 9.276; 6869.663648124191; 0.0; 0.0
6; 8000; 0.0; 0.0; 68155; 68155; 9.895; 6887.822132390096; 0.0; 0.0
6; 8500; 0.0; 0.0; 72588; 72588; 10.466; 6935.600993693866; 0.0; 0.0
6; 9000; 0.0; 0.0; 77052; 77052; 11.054; 6970.508413244074; 0.0; 0.0
6; 9500; 0.0; 0.0; 81536; 81536; 11.594; 7032.603070553735; 0.0; 0.0
6; 10000; 0.0; 0.0; 86030; 86030; 12.122; 7097.013694109883; 0.0; 0.0
7; 500; -0.35; 0.0; 3733; 3733; 0.57; 6549.122807017545; 0.0; 0.0
7; 1000; -0.25; 0.0; 7897; 7897; 1.056; 7478.219696969697; 0.0; 0.0
7; 1500; -0.05; 0.0; 12117; 12117; 1.63; 7433.742331288344; 0.0; 0.0
7; 2000; 0.0; 0.0; 16211; 16211; 2.323; 6978.476108480413; 0.0; 0.0
7; 2500; -0.1; 0.0; 20397; 20397; 3.164; 6446.5865992414665; 0.0; 0.0
7; 3000; 0.0; 0.0; 24548; 24548; 3.851; 6374.448195273955; 0.0; 0.0
7; 3500; 0.0; 0.0; 28812; 28812; 4.64; 6209.48275862069; 0.0; 0.0
7; 4000; -0.05; 0.0; 33077; 33077; 5.306; 6233.886166603845; 0.0; 0.0
7; 4500; 0.0; 0.0; 37349; 37349; 6.007; 6217.579490594307; 0.0; 0.0
7; 5000; 0.0; 0.0; 41639; 41639; 6.715; 6200.893521965749; 0.0; 0.0
7; 5500; 0.0; 0.0; 45962; 45962; 7.372; 6234.671730873576; 0.0; 0.0
7; 6000; -0.1; -0.5; 50296; 50296; 8.057; 6242.522030532456; 0.0; 0.0
7; 6500; 0.0; 0.0; 54642; 54642; 8.742; 6250.514756348661; 0.0; 0.0
7; 7000; 0.0; 0.0; 59006; 59006; 10.063; 5863.658948623671; 0.0; 0.0
7; 7500; 0.0; 0.0; 63428; 63428; 11.086; 5721.450478080462; 0.0; 0.0
7; 8000; 0.0; 0.0; 67837; 67837; 12.617; 5376.634699215344; 0.0; 0.0
7; 8500; 0.0; 0.0; 72282; 72282; 13.634; 5301.598943816928; 0.0; 0.0
7; 9000; 0.0; 0.0; 76764; 76764; 14.462; 5307.97953256811; 0.0; 0.0
7; 9500; 0.0; 0.0; 81227; 81227; 15.427; 5265.24923834835; 0.0; 0.0
7; 10000; 0.0; 0.0; 85716; 85716; 16.347; 5243.530923105157; 0.0; 0.0
8; 500; -0.7; -0.5; 3443; 3443; 0.807; 4266.418835192069; 0.0; 0.0
8; 1000; -0.1; 0.0; 7325; 7325; 1.559; 4698.524695317511; 0.0; 0.0
8; 1500; -0.05; 0.0; 11539; 11539; 2.838; 4065.891472868217; 0.0; 0.0
8; 2000; -0.4; -0.5; 15670; 15670; 3.574; 4384.443200895355; 0.0; 0.0
8; 2500; 0.0; 0.0; 19883; 19883; 4.46; 4458.071748878924; 0.0; 0.0
8; 3000; 0.0; 0.0; 24158; 24158; 5.397; 4476.190476190476; 0.0; 0.0
8; 3500; -0.2; 0.0; 28402; 28402; 6.439; 4410.933374747631; 0.0; 0.0
8; 4000; -0.2; -0.5; 32698; 32698; 7.337; 4456.5898868747445; 0.0; 0.0
8; 4500; 0.0; 0.0; 37026; 37026; 8.228; 4500.0; 0.0; 0.0
8; 5000; 0.0; 0.0; 41349; 41349; 9.09; 4548.844884488449; 0.0; 0.0
8; 5500; 0.0; 0.0; 45684; 45684; 9.995; 4570.685342671336; 0.0; 0.0
8; 6000; 0.0; 0.0; 49974; 49974; 10.832; 4613.552437223043; 0.0; 0.0
8; 6500; 0.0; 0.0; 54333; 54333; 11.558; 4700.89980965565; 0.0; 0.0
8; 7000; -0.15; 0.0; 58720; 58720; 12.478; 4705.882352941177; 0.0; 0.0
8; 7500; -0.1; -0.5; 63140; 63140; 13.356; 4727.463312368973; 0.0; 0.0
8; 8000; 0.0; 0.0; 67573; 67573; 14.157; 4773.115773115773; 0.0; 0.0
8; 8500; 0.0; 0.0; 72007; 72007; 14.964; 4812.0155038759685; 0.0; 0.0
8; 9000; 0.0; 0.0; 76476; 76476; 15.659; 4883.836771185899; 0.0; 0.0
8; 9500; 0.0; 0.0; 80931; 80931; 16.341; 4952.634477694143; 0.0; 0.0
8; 10000; 0.0; 0.0; 85424; 85424; 17.592; 4855.843565256935; 0.0; 0.0
9; 500; -0.35; -0.5; 3600; 3600; 0.823; 4374.240583232078; 0.0; 0.0
9; 1000; -0.25; 0.0; 7735; 7735; 1.514; 5108.982826948481; 0.0; 0.0
9; 1500; 0.0; 0.0; 11898; 11898; 2.172; 5477.900552486188; 0.0; 0.0
9; 2000; 0.0; 0.0; 16112; 16112; 2.821; 5711.449840482098; 0.0; 0.0
9; 2500; 0.0; 0.0; 20352; 20352; 3.894; 5226.502311248074; 0.0; 0.0
9; 3000; 0.0; 0.0; 24624; 24624; 4.565; 5394.085432639649; 0.0; 0.0
9; 3500; 0.0; 0.0; 28927; 28927; 5.245; 5515.1572926596755; 0.0; 0.0
9; 4000; 0.0; 0.0; 33235; 33235; 5.829; 5701.664093326472; 0.0; 0.0
9; 4500; 0.0; 0.0; 37519; 37519; 6.391; 5870.599280237834; 0.0; 0.0
9; 5000; 0.0; 0.0; 41824; 41824; 6.988; 5985.1173440183165; 0.0; 0.0
9; 5500; -0.05; 0.0; 46066; 46066; 7.526; 6120.914164230667; 0.0; 0.0
9; 6000; -0.1; 0.0; 50413; 50413; 8.092; 6229.980227385071; 0.0; 0.0
9; 6500; 0.0; 0.0; 54823; 54823; 8.657; 6332.794270532517; 0.0; 0.0
9; 7000; 0.0; 0.0; 59261; 59261; 9.344; 6342.1446917808225; 0.0; 0.0
9; 7500; 0.0; 0.0; 63701; 63701; 9.93; 6415.005035246727; 0.0; 0.0
9; 8000; 0.0; 0.0; 68137; 68137; 10.591; 6433.481257671609; 0.0; 0.0
9; 8500; 0.0; 0.0; 72571; 72571; 11.188; 6486.503396496246; 0.0; 0.0
9; 9000; 0.0; 0.0; 77037; 77037; 11.77; 6545.199660152932; 0.0; 0.0
9; 9500; -0.1; 0.0; 81509; 81509; 12.423; 6561.136601465025; 0.0; 0.0
9; 10000; -0.1; -0.5; 86002; 86002; 12.985; 6623.180592991914; 0.0; 0.0
10; 500; -0.15; -0.5; 3881; 3881; 0.482; 8051.867219917012; 0.0; 0.0
10; 1000; -0.05; 0.0; 7853; 7853; 1.029; 7631.681243926142; 0.0; 0.0
10; 1500; 0.0; 0.0; 12070; 12070; 1.606; 7515.566625155666; 0.0; 0.0
10; 2000; 0.0; 0.0; 16188; 16188; 2.08; 7782.692307692308; 0.0; 0.0
10; 2500; 0.0; 0.0; 20505; 20505; 2.696; 7605.712166172107; 0.0; 0.0
10; 3000; 0.0; 0.0; 24801; 24801; 3.207; 7733.395696913003; 0.0; 0.0
10; 3500; 0.0; 0.0; 29074; 29074; 3.787; 7677.3171375759175; 0.0; 0.0
10; 4000; 0.0; 0.0; 33361; 33361; 4.33; 7704.618937644342; 0.0; 0.0
10; 4500; -0.05; 0.0; 37625; 37625; 5.165; 7284.607938044531; 0.0; 0.0
10; 5000; -0.2; 0.0; 41938; 41938; 5.664; 7404.30790960452; 0.0; 0.0
10; 5500; 0.0; 0.0; 46273; 46273; 6.156; 7516.731643924627; 0.0; 0.0
10; 6000; 0.0; 0.0; 50683; 50683; 6.714; 7548.853142686922; 0.0; 0.0
10; 6500; 0.0; 0.0; 55036; 55036; 7.276; 7564.046179219352; 0.0; 0.0
10; 7000; 0.0; 0.0; 59440; 59440; 7.784; 7636.17677286742; 0.0; 0.0
10; 7500; 0.0; 0.0; 63871; 63871; 8.31; 7686.04091456077; 0.0; 0.0
10; 8000; 0.0; 0.0; 68333; 68333; 8.956; 7629.857079053149; 0.0; 0.0
10; 8500; 0.0; 0.0; 72796; 72796; 9.532; 7637.0121695342; 0.0; 0.0
10; 9000; 0.0; 0.0; 77265; 77265; 10.196; 7577.9717536288745; 0.0; 0.0
10; 9500; -0.1; 0.0; 81739; 81739; 10.883; 7510.7047689056335; 0.0; 0.0
10; 10000; -0.1; 0.0; 86233; 86233; 11.439; 7538.508610892561; 0.0; 0.0
11; 500; -0.3; 0.0; 3673; 3673; 0.474; 7748.945147679326; 0.0; 0.0
11; 1000; -0.15; 0.0; 7285; 7285; 0.946; 7700.845665961945; 0.0; 0.0
11; 1500; -0.05; 0.0; 11505; 11505; 1.451; 7929.014472777395; 0.0; 0.0
11; 2000; -0.1; 0.0; 15775; 15775; 1.943; 8118.888317035512; 0.0; 0.0
11; 2500; 0.0; 0.0; 20012; 20012; 2.56; 7817.1875; 0.0; 0.0
11; 3000; -0.15; 0.0; 24270; 24270; 3.039; 7986.179664363277; 0.0; 0.0
11; 3500; 0.0; 0.0; 28583; 28583; 3.527; 8104.054437198753; 0.0; 0.0
11; 4000; -0.1; 0.0; 32939; 32939; 4.044; 8145.153313550941; 0.0; 0.0
11; 4500; 0.0; 0.0; 37249; 37249; 4.616; 8069.540727902947; 0.0; 0.0
11; 5000; -0.1; 0.0; 41593; 41593; 5.16; 8060.658914728682; 0.0; 0.0
11; 5500; 0.0; 0.0; 45937; 45937; 5.84; 7865.924657534247; 0.0; 0.0
11; 6000; -0.15; 0.0; 50270; 50270; 6.427; 7821.68974638245; 0.0; 0.0
11; 6500; -0.05; 0.0; 54632; 54632; 7.01; 7793.437945791727; 0.0; 0.0
11; 7000; -0.15; 0.0; 58971; 58971; 7.561; 7799.365163338183; 0.0; 0.0
11; 7500; -0.1; 0.0; 63350; 63350; 8.127; 7795.004306632213; 0.0; 0.0
11; 8000; 0.0; 0.0; 67766; 67766; 8.762; 7734.078977402419; 0.0; 0.0
11; 8500; 0.0; 0.0; 72208; 72208; 9.358; 7716.178670656122; 0.0; 0.0
11; 9000; -0.05; 0.0; 76676; 76676; 9.886; 7756.018612178839; 0.0; 0.0
11; 9500; 0.0; -0.5; 81153; 81153; 10.381; 7817.454965802909; 0.0; 0.0
11; 10000; 0.0; 0.0; 85637; 85637; 10.957; 7815.7342338231265; 0.0; 0.0
12; 500; -0.9; -1.0; 3572; 3572; 0.467; 7648.8222698072805; 0.0; 0.0
12; 1000; -0.1; -0.5; 7725; 7725; 0.991; 7795.156407669021; 0.0; 0.0
12; 1500; 0.0; 0.0; 11938; 11938; 1.49; 8012.080536912752; 0.0; 0.0
12; 2000; 0.0; 0.0; 16146; 16146; 1.975; 8175.189873417721; 0.0; 0.0
12; 2500; -0.15; -0.5; 20446; 20446; 2.51; 8145.81673306773; 0.0; 0.0
12; 3000; -0.1; 0.0; 24744; 24744; 3.099; 7984.511132623426; 0.0; 0.0
12; 3500; 0.0; 0.0; 28967; 28967; 3.574; 8104.924454392837; 0.0; 0.0
12; 4000; 0.0; 0.0; 33276; 33276; 4.118; 8080.621661000485; 0.0; 0.0
12; 4500; 0.0; 0.0; 37584; 37584; 4.585; 8197.164667393676; 0.0; 0.0
12; 5000; 0.0; 0.0; 41953; 41953; 5.127; 8182.757948117808; 0.0; 0.0
12; 5500; 0.0; 0.0; 46309; 46309; 5.59; 8284.257602862253; 0.0; 0.0
12; 6000; 0.0; 0.0; 50672; 50672; 6.128; 8268.929503916448; 0.0; 0.0
12; 6500; 0.0; 0.0; 55083; 55083; 6.609; 8334.543803903767; 0.0; 0.0
12; 7000; 0.0; 0.0; 59475; 59475; 7.187; 8275.358285793794; 0.0; 0.0
12; 7500; 0.0; 0.0; 63928; 63928; 7.761; 8237.082850148177; 0.0; 0.0
12; 8000; 0.0; 0.0; 68380; 68380; 8.301; 8237.561739549452; 0.0; 0.0
12; 8500; 0.0; 0.0; 72848; 72848; 8.901; 8184.248960790923; 0.0; 0.0
12; 9000; 0.0; 0.0; 77320; 77320; 9.495; 8143.23328067404; 0.0; 0.0
12; 9500; 0.0; 0.0; 81797; 81797; 10.103; 8096.308027318619; 0.0; 0.0
12; 10000; 0.0; 0.0; 86295; 86295; 10.751; 8026.6951911450105; 0.0; 0.0
13; 500; -0.05; 0.0; 3839; 3839; 0.501; 7662.674650698603; 0.0; 0.0
13; 1000; -0.1; 0.0; 7994; 7994; 1.011; 7907.022749752721; 0.0; 0.0
13; 1500; -0.05; 0.0; 12201; 12201; 1.562; 7811.139564660692; 0.0; 0.0
13; 2000; -0.25; -0.5; 16422; 16422; 1.972; 8327.586206896553; 0.0; 0.0
13; 2500; -0.45; -1.0; 20645; 20645; 2.478; 8331.315577078289; 0.0; 0.0
13; 3000; -0.3; -0.5; 24896; 24896; 3.03; 8216.501650165017; 0.0; 0.0
13; 3500; -0.5; -0.5; 29179; 29179; 3.618; 8064.953012714207; 0.0; 0.0
13; 4000; -0.5; -0.5; 33454; 33454; 4.147; 8067.036411863997; 0.0; 0.0
13; 4500; -0.25; -0.5; 37733; 37733; 4.591; 8218.906556305816; 0.0; 0.0
13; 5000; -0.25; 0.0; 42095; 42095; 5.093; 8265.266051443157; 0.0; 0.0
13; 5500; -0.2; 0.0; 46411; 46411; 5.627; 8247.911853563179; 0.0; 0.0
13; 6000; -0.2; -0.5; 50818; 50818; 6.156; 8255.035737491879; 0.0; 0.0
13; 6500; -0.2; -0.5; 55228; 55228; 6.701; 8241.754961945979; 0.0; 0.0
13; 7000; -0.25; 0.0; 59623; 59623; 7.297; 8170.89214745786; 0.0; 0.0
13; 7500; -0.25; -0.5; 64048; 64048; 7.923; 8083.806638899407; 0.0; 0.0
13; 8000; -0.25; -0.5; 68504; 68504; 8.449; 8107.941768256598; 0.0; 0.0
13; 8500; -0.2; 0.0; 72939; 72939; 8.917; 8179.768980598857; 0.0; 0.0
13; 9000; -0.2; 0.0; 77396; 77396; 9.49; 8155.5321390937825; 0.0; 0.0
13; 9500; -0.25; 0.0; 81878; 81878; 10.034; 8160.055810245166; 0.0; 0.0
13; 10000; -0.2; 0.0; 86373; 86373; 10.517; 8212.703242369498; 0.0; 0.0
14; 500; 0.0; 0.0; 3433; 3433; 0.451; 7611.973392461197; 0.0; 0.0
14; 1000; -0.35; 0.0; 7512; 7512; 0.9; 8346.666666666666; 0.0; 0.0
14; 1500; -0.3; -0.5; 11659; 11659; 1.357; 8591.746499631541; 0.0; 0.0
14; 2000; 0.0; 0.0; 15919; 15919; 1.897; 8391.671059567738; 0.0; 0.0
14; 2500; 0.0; 0.0; 20150; 20150; 2.429; 8295.594895018527; 0.0; 0.0
14; 3000; 0.0; 0.0; 24440; 24440; 3.033; 8058.02835476426; 0.0; 0.0
14; 3500; 0.0; 0.0; 28719; 28719; 3.518; 8163.4451392836845; 0.0; 0.0
14; 4000; 0.0; 0.0; 33027; 33027; 4.049; 8156.828846628797; 0.0; 0.0
14; 4500; 0.0; 0.0; 37378; 37378; 4.636; 8062.553925798102; 0.0; 0.0
14; 5000; 0.0; 0.0; 41743; 41743; 5.178; 8061.606797991502; 0.0; 0.0
14; 5500; 0.0; 0.0; 46134; 46134; 5.757; 8013.548723293383; 0.0; 0.0
14; 6000; 0.0; 0.0; 50486; 50486; 6.29; 8026.391096979332; 0.0; 0.0
14; 6500; 0.0; 0.0; 54881; 54881; 6.832; 8032.933255269321; 0.0; 0.0
14; 7000; 0.0; 0.0; 59313; 59313; 7.396; 8019.6051919956735; 0.0; 0.0
14; 7500; 0.0; 0.0; 63754; 63754; 8.015; 7954.335620711166; 0.0; 0.0
14; 8000; 0.0; 0.0; 68208; 68208; 8.562; 7966.36299929923; 0.0; 0.0
14; 8500; -0.15; 0.0; 72671; 72671; 9.062; 8019.311410284706; 0.0; 0.0
14; 9000; 0.0; 0.0; 77150; 77150; 9.586; 8048.195284790319; 0.0; 0.0
14; 9500; -0.15; 0.0; 81615; 81615; 10.179; 8017.978190391983; 0.0; 0.0
14; 10000; -0.05; 0.0; 86101; 86101; 10.759; 8002.695417789757; 0.0; 0.0
15; 500; -0.45; -1.0; 3694; 3694; 0.619; 5967.689822294023; 0.0; 0.0
15; 1000; -0.1; 0.0; 7836; 7836; 1.303; 6013.814274750576; 0.0; 0.0
15; 1500; 0.0; 0.0; 12029; 12029; 1.939; 6203.713254254771; 0.0; 0.0
15; 2000; -0.15; 0.0; 16288; 16288; 2.462; 6615.759545085296; 0.0; 0.0
15; 2500; 0.0; 0.0; 20555; 20555; 3.004; 6842.54327563249; 0.0; 0.0
15; 3000; 0.0; 0.0; 24842; 24842; 3.658; 6791.142700929469; 0.0; 0.0
15; 3500; -0.1; 0.0; 29190; 29190; 4.191; 6964.9248389405875; 0.0; 0.0
15; 4000; 0.0; 0.0; 33508; 33508; 4.708; 7117.247238742566; 0.0; 0.0
15; 4500; 0.0; 0.0; 37881; 37881; 5.502; 6884.95092693566; 0.0; 0.0
15; 5000; 0.0; 0.0; 42241; 42241; 6.081; 6946.390396316395; 0.0; 0.0
15; 5500; 0.0; 0.0; 46593; 46593; 6.62; 7038.2175226586105; 0.0; 0.0
15; 6000; 0.0; 0.0; 50975; 50975; 7.145; 7134.359692092373; 0.0; 0.0
15; 6500; 0.0; 0.0; 55362; 55362; 7.708; 7182.407887908666; 0.0; 0.0
15; 7000; 0.0; 0.0; 59762; 59762; 8.232; 7259.71817298348; 0.0; 0.0
15; 7500; 0.0; 0.0; 64132; 64132; 8.756; 7324.349017816355; 0.0; 0.0
15; 8000; 0.0; 0.0; 68525; 68525; 9.352; 7327.309666381522; 0.0; 0.0
15; 8500; 0.0; 0.0; 72939; 72939; 9.881; 7381.7427385892115; 0.0; 0.0
15; 9000; 0.0; 0.0; 77392; 77392; 10.422; 7425.829975052772; 0.0; 0.0
15; 9500; 0.0; 0.0; 81856; 81856; 10.996; 7444.161513277555; 0.0; 0.0
15; 10000; 0.0; 0.0; 86335; 86335; 11.556; 7471.0107303565255; 0.0; 0.0
16; 500; -0.05; 0.0; 3512; 3512; 0.536; 6552.238805970149; 0.0; 0.0
16; 1000; -0.25; 0.0; 7651; 7651; 1.159; 6601.380500431406; 0.0; 0.0
16; 1500; 0.0; 0.0; 11823; 11823; 1.727; 6845.975680370584; 0.0; 0.0
16; 2000; 0.0; 0.0; 16035; 16035; 2.393; 6700.793982448809; 0.0; 0.0
16; 2500; -0.1; 0.0; 20299; 20299; 2.915; 6963.636363636364; 0.0; 0.0
16; 3000; -0.1; 0.0; 24606; 24606; 3.514; 7002.276607854297; 0.0; 0.0
16; 3500; 0.0; 0.0; 28872; 28872; 4.09; 7059.168704156479; 0.0; 0.0
16; 4000; 0.0; 0.0; 33131; 33131; 4.637; 7144.9212853137815; 0.0; 0.0
16; 4500; 0.0; 0.0; 37409; 37409; 5.237; 7143.211762459423; 0.0; 0.0
16; 5000; 0.0; 0.0; 41791; 41791; 5.866; 7124.275485850665; 0.0; 0.0
16; 5500; 0.0; 0.0; 46151; 46151; 6.397; 7214.475535407222; 0.0; 0.0
16; 6000; 0.0; 0.0; 50518; 50518; 6.983; 7234.426464270371; 0.0; 0.0
16; 6500; 0.0; 0.0; 54925; 54925; 7.482; 7340.951617214649; 0.0; 0.0
16; 7000; 0.0; 0.0; 59334; 59334; 8.107; 7318.8602442333795; 0.0; 0.0
16; 7500; 0.0; 0.0; 63775; 63775; 8.679; 7348.196796865998; 0.0; 0.0
16; 8000; 0.0; 0.0; 68217; 68217; 9.196; 7418.116572422793; 0.0; 0.0
16; 8500; 0.0; 0.0; 72651; 72651; 9.886; 7348.877200080923; 0.0; 0.0
16; 9000; 0.0; 0.0; 77113; 77113; 10.409; 7408.300509174752; 0.0; 0.0
16; 9500; 0.0; 0.0; 81594; 81594; 10.945; 7454.910918227501; 0.0; 0.0
16; 10000; 0.0; 0.0; 86092; 86092; 11.702; 7357.0329858143905; 0.0; 0.0
17; 500; -0.2; 0.0; 3464; 3464; 0.461; 7514.09978308026; 0.0; 0.0
17; 1000; -0.2; 0.0; 7390; 7390; 1.025; 7209.756097560976; 0.0; 0.0
17; 1500; -0.25; 0.0; 11559; 11559; 1.701; 6795.4144620811285; 0.0; 0.0
17; 2000; -0.05; 0.0; 15809; 15809; 2.299; 6876.468029578077; 0.0; 0.0
17; 2500; 0.0; 0.0; 20069; 20069; 2.95; 6803.050847457626; 0.0; 0.0
17; 3000; 0.0; 0.0; 24311; 24311; 3.653; 6655.078018067342; 0.0; 0.0
17; 3500; -0.3; 0.0; 28619; 28619; 4.435; 6452.987598647126; 0.0; 0.0
17; 4000; -0.1; 0.0; 32912; 32912; 5.057; 6508.206446509788; 0.0; 0.0
17; 4500; 0.0; 0.0; 37221; 37221; 5.569; 6683.605674268271; 0.0; 0.0
17; 5000; 0.0; 0.0; 41571; 41571; 6.292; 6606.9612205975845; 0.0; 0.0
17; 5500; 0.0; 0.0; 45891; 45891; 6.916; 6635.482938114516; 0.0; 0.0
17; 6000; 0.0; 0.0; 50251; 50251; 7.55; 6655.761589403974; 0.0; 0.0
17; 6500; 0.0; 0.0; 54654; 54654; 8.103; 6744.909292854499; 0.0; 0.0
17; 7000; 0.0; 0.0; 59042; 59042; 8.659; 6818.57027370366; 0.0; 0.0
17; 7500; 0.0; 0.0; 63431; 63431; 9.297; 6822.738517801441; 0.0; 0.0
17; 8000; 0.0; 0.0; 67861; 67861; 9.897; 6856.72425987673; 0.0; 0.0
17; 8500; 0.0; 0.0; 72325; 72325; 10.467; 6909.811789433457; 0.0; 0.0
17; 9000; 0.0; 0.0; 76796; 76796; 11.009; 6975.747115996003; 0.0; 0.0
17; 9500; 0.0; 0.0; 81252; 81252; 11.584; 7014.157458563536; 0.0; 0.0
17; 10000; 0.0; 0.0; 85750; 85750; 12.121; 7074.498803729065; 0.0; 0.0
18; 500; -0.05; 0.0; 3659; 3659; 0.521; 7023.032629558541; 0.0; 0.0
18; 1000; 0.0; 0.0; 7772; 7772; 1.002; 7756.487025948104; 0.0; 0.0
18; 1500; 0.0; 0.0; 11711; 11711; 1.397; 8382.963493199713; 0.0; 0.0
18; 2000; -0.05; 0.0; 15889; 15889; 1.893; 8393.555203380876; 0.0; 0.0
18; 2500; 0.0; 0.0; 20149; 20149; 2.496; 8072.516025641025; 0.0; 0.0
18; 3000; -0.1; 0.0; 24419; 24419; 3.282; 7440.280316879951; 0.0; 0.0
18; 3500; 0.0; 0.0; 28718; 28718; 3.913; 7339.125990288781; 0.0; 0.0
18; 4000; -0.15; 0.0; 33031; 33031; 4.438; 7442.767012167644; 0.0; 0.0
18; 4500; 0.0; 0.0; 37406; 37406; 5.111; 7318.724320093916; 0.0; 0.0
18; 5000; 0.0; 0.0; 41768; 41768; 5.855; 7133.731853116993; 0.0; 0.0
18; 5500; 0.0; 0.0; 46127; 46127; 6.553; 7039.066076606135; 0.0; 0.0
18; 6000; 0.0; 0.0; 50399; 50399; 7.107; 7091.459124806529; 0.0; 0.0
18; 6500; 0.0; 0.0; 54767; 54767; 7.705; 7107.981829980532; 0.0; 0.0
18; 7000; 0.0; 0.0; 59102; 59102; 8.289; 7130.172517794668; 0.0; 0.0
18; 7500; 0.0; 0.0; 63515; 63515; 8.844; 7181.705110809589; 0.0; 0.0
18; 8000; 0.0; 0.0; 67956; 67956; 9.353; 7265.690152892121; 0.0; 0.0
18; 8500; -0.15; 0.0; 72385; 72385; 9.973; 7258.09686152612; 0.0; 0.0
18; 9000; -0.05; 0.0; 76840; 76840; 10.475; 7335.560859188545; 0.0; 0.0
18; 9500; -0.05; 0.0; 81300; 81300; 11.05; 7357.466063348415; 0.0; 0.0
18; 10000; -0.1; 0.0; 85793; 85793; 11.637; 7372.43275758357; 0.0; 0.0
19; 500; -0.65; -1.0; 3495; 3495; 0.624; 5600.961538461538; 0.0; 0.0
19; 1000; -0.55; 0.0; 7701; 7701; 1.205; 6390.871369294606; 0.0; 0.0
19; 1500; 0.0; 0.0; 11904; 11904; 1.748; 6810.068649885584; 0.0; 0.0
19; 2000; -0.05; 0.0; 16147; 16147; 2.3; 7020.434782608696; 0.0; 0.0
19; 2500; -0.25; -0.5; 20375; 20375; 2.787; 7310.728381772516; 0.0; 0.0
19; 3000; -0.25; 0.0; 24511; 24511; 3.412; 7183.763188745604; 0.0; 0.0
19; 3500; 0.0; 0.0; 28736; 28736; 3.909; 7351.240726528525; 0.0; 0.0
19; 4000; 0.0; 0.0; 33000; 33000; 4.535; 7276.736493936052; 0.0; 0.0
19; 4500; -0.05; 0.0; 37364; 37364; 5.096; 7332.025117739403; 0.0; 0.0
19; 5000; 0.0; 0.0; 41691; 41691; 5.643; 7388.09144072302; 0.0; 0.0
19; 5500; -0.1; 0.0; 46108; 46108; 6.176; 7465.673575129534; 0.0; 0.0
19; 6000; -0.05; 0.0; 50476; 50476; 6.791; 7432.77867766161; 0.0; 0.0
19; 6500; 0.0; 0.0; 54904; 54904; 7.329; 7491.335789330059; 0.0; 0.0
19; 7000; 0.0; 0.0; 59282; 59282; 7.907; 7497.407360566586; 0.0; 0.0
19; 7500; -0.15; 0.0; 63702; 63702; 8.531; 7467.119915601922; 0.0; 0.0
19; 8000; 0.0; 0.0; 68111; 68111; 9.063; 7515.281915480525; 0.0; 0.0
19; 8500; 0.0; 0.0; 72548; 72548; 9.761; 7432.435201311341; 0.0; 0.0
19; 9000; 0.0; 0.0; 76993; 76993; 10.381; 7416.722859069454; 0.0; 0.0
19; 9500; 0.0; 0.0; 81447; 81447; 11.042; 7376.109400470929; 0.0; 0.0
19; 10000; 0.0; 0.0; 85934; 85934; 11.598; 7409.380927746162; 0.0; 0.0
20; 500; -0.4; -0.5; 3799; 3799; 0.559; 6796.064400715562; 0.0; 0.0
20; 1000; -0.1; -0.5; 7912; 7912; 1.137; 6958.663148636763; 0.0; 0.0
20; 1500; 0.0; 0.0; 12039; 12039; 1.654; 7278.718258766627; 0.0; 0.0
20; 2000; 0.0; 0.0; 16251; 16251; 2.162; 7516.651248843664; 0.0; 0.0
20; 2500; 0.0; 0.0; 20527; 20527; 2.749; 7467.078937795562; 0.0; 0.0
20; 3000; 0.0; 0.0; 24758; 24758; 3.383; 7318.356488323972; 0.0; 0.0
20; 3500; 0.0; 0.0; 29020; 29020; 3.965; 7319.041614123582; 0.0; 0.0
20; 4000; -0.05; 0.0; 33337; 33337; 4.56; 7310.745614035089; 0.0; 0.0
20; 4500; 0.0; 0.0; 37661; 37661; 5.161; 7297.229219143577; 0.0; 0.0
20; 5000; 0.0; 0.0; 42002; 42002; 5.641; 7445.842935649707; 0.0; 0.0
20; 5500; 0.0; 0.0; 46327; 46327; 6.219; 7449.268371120758; 0.0; 0.0
20; 6000; -0.05; -0.5; 50648; 50648; 6.855; 7388.475565280816; 0.0; 0.0
20; 6500; 0.0; 0.0; 54992; 54992; 7.485; 7346.960587842351; 0.0; 0.0
20; 7000; 0.0; 0.0; 59400; 59400; 8.226; 7221.006564551421; 0.0; 0.0
20; 7500; 0.0; 0.0; 63841; 63841; 8.955; 7129.089893914014; 0.0; 0.0
20; 8000; 0.0; 0.0; 68257; 68257; 9.594; 7114.550760892224; 0.0; 0.0
20; 8500; 0.0; 0.0; 72694; 72694; 10.131; 7175.402230776824; 0.0; 0.0
20; 9000; 0.0; 0.0; 77125; 77125; 10.854; 7105.675327068362; 0.0; 0.0
20; 9500; 0.0; 0.0; 81614; 81614; 11.604; 7033.264391589108; 0.0; 0.0
20; 10000; 0.0; 0.0; 86090; 86090; 12.409; 6937.706503344347; 0.0; 0.0
21; 500; -0.25; -0.5; 3872; 3872; 0.544; 7117.647058823529; 0.0; 0.0
21; 1000; -0.15; 0.0; 7955; 7955; 1.053; 7554.605887939222; 0.0; 0.0
21; 1500; 0.0; 0.0; 12134; 12134; 1.613; 7522.628642281463; 0.0; 0.0
21; 2000; 0.0; 0.0; 16301; 16301; 2.266; 7193.733451015004; 0.0; 0.0
21; 2500; 0.0; 0.0; 20545; 20545; 2.796; 7347.997138769671; 0.0; 0.0
21; 3000; 0.0; 0.0; 24797; 24797; 3.538; 7008.762012436405; 0.0; 0.0
21; 3500; -0.05; 0.0; 29083; 29083; 4.159; 6992.786727578745; 0.0; 0.0
21; 4000; 0.0; 0.0; 33439; 33439; 4.714; 7093.551124310564; 0.0; 0.0
21; 4500; 0.0; 0.0; 37763; 37763; 5.267; 7169.736092652363; 0.0; 0.0
21; 5000; 0.0; 0.0; 42073; 42073; 5.901; 7129.808507032707; 0.0; 0.0
21; 5500; -0.05; 0.0; 46412; 46412; 6.473; 7170.091147844894; 0.0; 0.0
21; 6000; -0.05; 0.0; 50783; 50783; 7.38; 6881.165311653117; 0.0; 0.0
21; 6500; -0.1; 0.0; 55174; 55174; 7.976; 6917.502507522568; 0.0; 0.0
21; 7000; -0.15; 0.0; 59603; 59603; 8.58; 6946.736596736597; 0.0; 0.0
21; 7500; -0.05; -0.5; 64028; 64028; 9.116; 7023.694602896007; 0.0; 0.0
21; 8000; -0.1; 0.0; 68469; 68469; 9.755; 7018.862121988723; 0.0; 0.0
21; 8500; 0.0; 0.0; 72920; 72920; 10.366; 7034.5359830214165; 0.0; 0.0
21; 9000; -0.1; 0.0; 77346; 77346; 10.908; 7090.759075907591; 0.0; 0.0
21; 9500; 0.0; 0.0; 81813; 81813; 11.494; 7117.887593527058; 0.0; 0.0
21; 10000; -0.1; 0.0; 86306; 86306; 12.085; 7141.580471659081; 0.0; 0.0
22; 500; -0.5; -1.0; 3606; 3606; 0.459; 7856.2091503267975; 0.0; 0.0
22; 1000; -0.15; -0.5; 7236; 7236; 0.955; 7576.9633507853405; 0.0; 0.0
22; 1500; 0.0; 0.0; 11402; 11402; 1.545; 7379.935275080907; 0.0; 0.0
22; 2000; -0.15; -0.5; 15652; 15652; 2.092; 7481.835564053537; 0.0; 0.0
22; 2500; 0.0; 0.0; 19902; 19902; 2.622; 7590.389016018307; 0.0; 0.0
22; 3000; 0.0; 0.0; 24141; 24141; 3.135; 7700.478468899522; 0.0; 0.0
22; 3500; 0.0; 0.0; 28345; 28345; 3.715; 7629.878869448184; 0.0; 0.0
22; 4000; 0.0; 0.0; 32654; 32654; 4.311; 7574.57666434702; 0.0; 0.0
22; 4500; 0.0; 0.0; 37002; 37002; 4.851; 7627.705627705628; 0.0; 0.0
22; 5000; 0.0; 0.0; 41342; 41342; 5.435; 7606.623735050599; 0.0; 0.0
22; 5500; 0.0; 0.0; 45684; 45684; 6.022; 7586.183992029226; 0.0; 0.0
22; 6000; 0.0; 0.0; 50045; 50045; 6.552; 7638.125763125764; 0.0; 0.0
22; 6500; -0.1; -0.5; 54443; 54443; 7.073; 7697.2995899901025; 0.0; 0.0
22; 7000; 0.0; 0.0; 58855; 58855; 7.6; 7744.078947368422; 0.0; 0.0
22; 7500; 0.0; 0.0; 63267; 63267; 8.126; 7785.749446222004; 0.0; 0.0
22; 8000; 0.0; 0.0; 67683; 67683; 8.721; 7760.921912624699; 0.0; 0.0
22; 8500; 0.0; 0.0; 72122; 72122; 9.362; 7703.695791497543; 0.0; 0.0
22; 9000; 0.0; 0.0; 76577; 76577; 10.021; 7641.652529687655; 0.0; 0.0
22; 9500; 0.0; 0.0; 81072; 81072; 10.61; 7641.093308199812; 0.0; 0.0
22; 10000; 0.0; 0.0; 85566; 85566; 11.214; 7630.283574103799; 0.0; 0.0
23; 500; -0.1; -0.5; 3846; 3846; 0.493; 7801.217038539554; 0.0; 0.0
23; 1000; -0.25; 0.0; 7865; 7865; 1.022; 7695.694716242661; 0.0; 0.0
23; 1500; 0.0; 0.0; 12077; 12077; 1.572; 7682.569974554707; 0.0; 0.0
23; 2000; 0.0; 0.0; 16319; 16319; 2.189; 7455.002284148012; 0.0; 0.0
23; 2500; -0.1; 0.0; 20631; 20631; 2.755; 7488.566243194193; 0.0; 0.0
23; 3000; -0.05; 0.0; 24954; 24954; 3.391; 7358.891182542023; 0.0; 0.0
23; 3500; -0.2; -0.5; 29262; 29262; 3.941; 7425.019030702868; 0.0; 0.0
23; 4000; -0.1; 0.0; 33607; 33607; 4.496; 7474.8665480427035; 0.0; 0.0
23; 4500; -0.2; -0.5; 37900; 37900; 5.015; 7557.328015952144; 0.0; 0.0
23; 5000; -0.1; 0.0; 42204; 42204; 5.521; 7644.267342872668; 0.0; 0.0
23; 5500; 0.0; 0.0; 46529; 46529; 6.166; 7546.059033409017; 0.0; 0.0
23; 6000; 0.0; 0.0; 50866; 50866; 6.793; 7488.0023553658175; 0.0; 0.0
23; 6500; 0.0; 0.0; 55277; 55277; 7.416; 7453.748651564185; 0.0; 0.0
23; 7000; 0.0; 0.0; 59695; 59695; 7.944; 7514.476334340383; 0.0; 0.0
23; 7500; 0.0; 0.0; 64109; 64109; 8.576; 7475.39645522388; 0.0; 0.0
23; 8000; 0.0; 0.0; 68573; 68573; 9.172; 7476.341037941561; 0.0; 0.0
23; 8500; 0.0; 0.0; 73042; 73042; 9.877; 7395.160473828085; 0.0; 0.0
23; 9000; 0.0; 0.0; 77499; 77499; 10.601; 7310.536741816809; 0.0; 0.0
23; 9500; 0.0; 0.0; 81980; 81980; 11.242; 7292.296744351538; 0.0; 0.0
23; 10000; 0.0; 0.0; 86472; 86472; 12.038; 7183.253032065127; 0.0; 0.0
24; 500; -0.55; -0.5; 3436; 3436; 0.607; 5660.626029654037; 0.0; 0.0
24; 1000; -0.7; -0.5; 6648; 6648; 1.23; 5404.878048780488; 0.0; 0.0
24; 1500; -0.35; -0.5; 10088; 10088; 1.771; 5696.216826651609; 0.0; 0.0
24; 2000; -0.05; 0.0; 14257; 14257; 2.464; 5786.12012987013; 0.0; 0.0
24; 2500; -0.3; 0.0; 18532; 18532; 3.024; 6128.306878306878; 0.0; 0.0
24; 3000; 0.0; 0.0; 22735; 22735; 3.505; 6486.447931526391; 0.0; 0.0
24; 3500; 0.0; 0.0; 27019; 27019; 4.04; 6687.8712871287125; 0.0; 0.0
24; 4000; 0.0; 0.0; 31324; 31324; 4.741; 6607.044927230542; 0.0; 0.0
24; 4500; 0.0; 0.0; 35669; 35669; 5.291; 6741.447741447741; 0.0; 0.0
24; 5000; 0.0; 0.0; 40009; 40009; 5.937; 6738.925383190163; 0.0; 0.0
24; 5500; 0.0; 0.0; 44405; 44405; 6.489; 6843.119124672523; 0.0; 0.0
24; 6000; 0.0; 0.0; 48764; 48764; 7.087; 6880.767602652745; 0.0; 0.0
24; 6500; -0.05; 0.0; 53167; 53167; 7.689; 6914.683313824945; 0.0; 0.0
24; 7000; 0.0; 0.0; 57522; 57522; 8.221; 6996.959007420021; 0.0; 0.0
24; 7500; -0.2; -0.5; 61930; 61930; 8.744; 7082.570905763952; 0.0; 0.0
24; 8000; 0.0; 0.0; 66361; 66361; 9.277; 7153.282311091948; 0.0; 0.0
24; 8500; 0.0; 0.0; 70808; 70808; 9.948; 7117.812625653397; 0.0; 0.0
24; 9000; 0.0; 0.0; 75281; 75281; 10.528; 7150.550911854103; 0.0; 0.0
24; 9500; 0.0; 0.0; 79764; 79764; 11.219; 7109.724574382744; 0.0; 0.0
24; 10000; 0.0; 0.0; 84264; 84264; 11.794; 7144.649821943361; 0.0; 0.0
